EMPLEADO;ZONARUTA;RAZONSOC;DIRECCION;CODIGOCLI;FECHAMOV;ENTREGAS;DEVOLUCION;FALTANTES;SOBRANTES;VALORUNITA;COBRADO;VALORFEC;VALORCOM;NOMPU;FECHAARC
SANDOCAN MORALES BUITRAGO;ZC001;ABUNDANCIA LA GALLERA;CL 53 #25A 69;ABUGAL01;27/01/11;3;0;0;0;960;0;0;0;LA PATRIA;09/03/11
SANDOCAN MORALES BUITRAGO;ZC001;TIENDA Y REVUELTERIA NEIL;CL 48A #34C 22;TIENEI01;04/01/11;0;0;0;0;960;0;0;0;LA PATRIA;09/03/11
SANDOCAN MORALES BUITRAGO;ZC001;TIENDA Y REVUELTERIA NEIL;CL 48A #34C 22;TIENEI01;05/01/11;0;0;0;0;960;0;0;0;LA PATRIA;09/03/11
SANDOCAN MORALES BUITRAGO;ZC001;TIENDA Y REVUELTERIA NEIL;CL 48A #34C 22;TIENEI01;06/01/11;0;0;0;0;960;0;0;0;LA PATRIA;09/03/11
SANDOCAN MORALES BUITRAGO;ZC001;TIENDA Y REVUELTERIA NEIL;CL 48A #34C 22;TIENEI01;07/01/11;0;0;0;0;960;0;0;0;LA PATRIA;09/03/11
SANDOCAN MORALES BUITRAGO;ZC001;TIENDA Y REVUELTERIA NEIL;CL 48A #34C 22;TIENEI01;08/01/11;0;0;0;0;960;0;0;0;LA PATRIA;09/03/11
SANDOCAN MORALES BUITRAGO;ZC001;TIENDA Y REVUELTERIA NEIL;CL 48A #34C 22;TIENEI01;10/01/11;0;0;0;0;960;0;0;0;LA PATRIA;09/03/11
SANDOCAN MORALES BUITRAGO;ZC001;TIENDA Y REVUELTERIA NEIL;CL 48A #34C 22;TIENEI01;11/01/11;0;0;0;0;960;0;0;0;LA PATRIA;09/03/11
SANDOCAN MORALES BUITRAGO;ZC001;TIENDA Y REVUELTERIA NEIL;CL 48A #34C 22;TIENEI01;12/01/11;0;0;0;0;960;0;0;0;LA PATRIA;09/03/11
SANDOCAN MORALES BUITRAGO;ZC001;TIENDA Y REVUELTERIA NEIL;CL 48A #34C 22;TIENEI01;13/01/11;0;0;0;0;960;0;0;0;LA PATRIA;09/03/11
SANDOCAN MORALES BUITRAGO;ZC001;TIENDA Y REVUELTERIA NEIL;CL 48A #34C 22;TIENEI01;14/01/11;0;0;0;0;960;0;0;0;LA PATRIA;09/03/11
SANDOCAN MORALES BUITRAGO;ZC001;TIENDA Y REVUELTERIA NEIL;CL 48A #34C 22;TIENEI01;15/01/11;0;0;0;0;960;0;0;0;LA PATRIA;09/03/11
SANDOCAN MORALES BUITRAGO;ZC001;TIENDA Y REVUELTERIA NEIL;CL 48A #34C 22;TIENEI01;17/01/11;0;0;0;0;960;0;0;0;LA PATRIA;09/03/11
SANDOCAN MORALES BUITRAGO;ZC001;TIENDA Y REVUELTERIA NEIL;CL 48A #34C 22;TIENEI01;18/01/11;0;0;0;0;960;0;0;0;LA PATRIA;09/03/11
SANDOCAN MORALES BUITRAGO;ZC001;TIENDA Y REVUELTERIA NEIL;CL 48A #34C 22;TIENEI01;19/01/11;0;0;0;0;960;0;0;0;LA PATRIA;09/03/11
SANDOCAN MORALES BUITRAGO;ZC001;TIENDA Y REVUELTERIA NEIL;CL 48A #34C 22;TIENEI01;20/01/11;0;0;0;0;960;0;0;0;LA PATRIA;09/03/11
SANDOCAN MORALES BUITRAGO;ZC001;TIENDA Y REVUELTERIA NEIL;CL 48A #34C 22;TIENEI01;21/01/11;0;0;0;0;960;0;0;0;LA PATRIA;09/03/11
SANDOCAN MORALES BUITRAGO;ZC001;TIENDA Y REVUELTERIA NEIL;CL 48A #34C 22;TIENEI01;22/01/11;0;0;0;0;960;0;0;0;LA PATRIA;09/03/11
SANDOCAN MORALES BUITRAGO;ZC001;TIENDA Y REVUELTERIA NEIL;CL 48A #34C 22;TIENEI01;24/01/11;0;0;0;0;960;0;0;0;LA PATRIA;09/03/11
SANDOCAN MORALES BUITRAGO;ZC001;TIENDA Y REVUELTERIA NEIL;CL 48A #34C 22;TIENEI01;25/01/11;0;0;0;0;960;0;0;0;LA PATRIA;09/03/11
SANDOCAN MORALES BUITRAGO;ZC001;TIENDA Y REVUELTERIA NEIL;CL 48A #34C 22;TIENEI01;26/01/11;0;0;0;0;960;0;0;0;LA PATRIA;09/03/11
SANDOCAN MORALES BUITRAGO;ZC001;TIENDA Y REVUELTERIA NEIL;CL 48A #34C 22;TIENEI01;27/01/11;0;0;0;0;960;0;0;0;LA PATRIA;09/03/11
SANDOCAN MORALES BUITRAGO;ZC001;MISCELANEA SANTIVAN;CL 4A # 21-10 ALCAZARES;MISSAN05;04/01/11;0;0;0;0;960;0;0;0;LA PATRIA;09/03/11
SANDOCAN MORALES BUITRAGO;ZC001;MISCELANEA SANTIVAN;CL 4A # 21-10 ALCAZARES;MISSAN05;05/01/11;0;0;0;0;960;0;0;0;LA PATRIA;09/03/11
SANDOCAN MORALES BUITRAGO;ZC001;MISCELANEA SANTIVAN;CL 4A # 21-10 ALCAZARES;MISSAN05;06/01/11;0;0;0;0;960;0;0;0;LA PATRIA;09/03/11
SANDOCAN MORALES BUITRAGO;ZC001;MISCELANEA SANTIVAN;CL 4A # 21-10 ALCAZARES;MISSAN05;07/01/11;0;0;0;0;960;0;0;0;LA PATRIA;09/03/11
SANDOCAN MORALES BUITRAGO;ZC001;MISCELANEA SANTIVAN;CL 4A # 21-10 ALCAZARES;MISSAN05;08/01/11;0;0;0;0;960;0;0;0;LA PATRIA;09/03/11
SANDOCAN MORALES BUITRAGO;ZC001;MISCELANEA SANTIVAN;CL 4A # 21-10 ALCAZARES;MISSAN05;10/01/11;0;0;0;0;960;0;0;0;LA PATRIA;09/03/11
SANDOCAN MORALES BUITRAGO;ZC001;MISCELANEA SANTIVAN;CL 4A # 21-10 ALCAZARES;MISSAN05;11/01/11;0;0;0;0;960;0;0;0;LA PATRIA;09/03/11
SANDOCAN MORALES BUITRAGO;ZC001;MISCELANEA SANTIVAN;CL 4A # 21-10 ALCAZARES;MISSAN05;12/01/11;0;0;0;0;960;0;0;0;LA PATRIA;09/03/11
SANDOCAN MORALES BUITRAGO;ZC001;MISCELANEA SANTIVAN;CL 4A # 21-10 ALCAZARES;MISSAN05;13/01/11;0;0;0;0;960;0;0;0;LA PATRIA;09/03/11
SANDOCAN MORALES BUITRAGO;ZC001;MISCELANEA SANTIVAN;CL 4A # 21-10 ALCAZARES;MISSAN05;14/01/11;0;0;0;0;960;0;0;0;LA PATRIA;09/03/11
SANDOCAN MORALES BUITRAGO;ZC001;MISCELANEA SANTIVAN;CL 4A # 21-10 ALCAZARES;MISSAN05;15/01/11;0;0;0;0;960;0;0;0;LA PATRIA;09/03/11
SANDOCAN MORALES BUITRAGO;ZC001;MISCELANEA SANTIVAN;CL 4A # 21-10 ALCAZARES;MISSAN05;17/01/11;0;0;0;0;960;0;0;0;LA PATRIA;09/03/11
SANDOCAN MORALES BUITRAGO;ZC001;MISCELANEA SANTIVAN;CL 4A # 21-10 ALCAZARES;MISSAN05;18/01/11;0;0;0;0;960;0;0;0;LA PATRIA;09/03/11
SANDOCAN MORALES BUITRAGO;ZC001;MISCELANEA SANTIVAN;CL 4A # 21-10 ALCAZARES;MISSAN05;19/01/11;0;0;0;0;960;0;0;0;LA PATRIA;09/03/11
SANDOCAN MORALES BUITRAGO;ZC001;MISCELANEA SANTIVAN;CL 4A # 21-10 ALCAZARES;MISSAN05;20/01/11;0;0;0;0;960;0;0;0;LA PATRIA;09/03/11
SANDOCAN MORALES BUITRAGO;ZC001;MISCELANEA SANTIVAN;CL 4A # 21-10 ALCAZARES;MISSAN05;21/01/11;0;0;0;0;960;0;0;0;LA PATRIA;09/03/11
SANDOCAN MORALES BUITRAGO;ZC001;MISCELANEA SANTIVAN;CL 4A # 21-10 ALCAZARES;MISSAN05;22/01/11;0;0;0;0;960;0;0;0;LA PATRIA;09/03/11
SANDOCAN MORALES BUITRAGO;ZC001;MISCELANEA SANTIVAN;CL 4A # 21-10 ALCAZARES;MISSAN05;24/01/11;0;0;0;0;960;0;0;0;LA PATRIA;09/03/11
SANDOCAN MORALES BUITRAGO;ZC001;MISCELANEA SANTIVAN;CL 4A # 21-10 ALCAZARES;MISSAN05;25/01/11;0;0;0;0;960;0;0;0;LA PATRIA;09/03/11
SANDOCAN MORALES BUITRAGO;ZC001;MISCELANEA SANTIVAN;CL 4A # 21-10 ALCAZARES;MISSAN05;26/01/11;0;0;0;0;960;0;0;0;LA PATRIA;09/03/11
SANDOCAN MORALES BUITRAGO;ZC001;MISCELANEA SANTIVAN;CL 4A # 21-10 ALCAZARES;MISSAN05;27/01/11;0;0;0;0;960;0;0;0;LA PATRIA;09/03/11
SANDOCAN MORALES BUITRAGO;ZC001;DROGUERIA SANTANA;CR 25 #33A 02;DROSAN05;25/01/11;2;0;0;0;960;0;0;0;LA PATRIA;09/03/11
SANDOCAN MORALES BUITRAGO;ZC001;DROGUERIA SANTANA;CR 25 #33A 02;DROSAN05;26/01/11;2;0;0;0;960;0;0;0;LA PATRIA;09/03/11
SANDOCAN MORALES BUITRAGO;ZC001;DROGUERIA SANTANA;CR 25 #33A 02;DROSAN05;27/01/11;2;0;0;0;960;0;0;0;LA PATRIA;09/03/11
SANDOCAN MORALES BUITRAGO;ZC001;TIENDA LA NUBIA;CR 42B # 10C 48;TIENUB01;26/01/11;2;0;0;0;960;0;0;0;LA PATRIA;09/03/11
SANDOCAN MORALES BUITRAGO;ZC001;TIENDA LA NUBIA;CR 42B # 10C 48;TIENUB01;27/01/11;2;0;0;0;960;0;0;0;LA PATRIA;09/03/11
SANDOCAN MORALES BUITRAGO;ZC001;TIENDA LA PIRAMIDE;CL 24 # 23 64;TIEPIR01;26/01/11;1;0;0;0;960;0;0;0;LA PATRIA;09/03/11
SANDOCAN MORALES BUITRAGO;ZC001;TIENDA LA PIRAMIDE;CL 24 # 23 64;TIEPIR01;27/01/11;1;0;0;0;960;0;0;0;LA PATRIA;09/03/11
SANDOCAN MORALES BUITRAGO;ZC001;FRUTAS Y VERDURAS;CR 23 # 45 62;FRUVER01;25/01/11;4;0;0;0;960;0;0;0;LA PATRIA;09/03/11
SANDOCAN MORALES BUITRAGO;ZC001;FRUTAS Y VERDURAS;CR 23 # 45 62;FRUVER01;26/01/11;4;0;0;0;960;0;0;0;LA PATRIA;09/03/11
SANDOCAN MORALES BUITRAGO;ZC001;FRUTAS Y VERDURAS;CR 23 # 45 62;FRUVER01;27/01/11;4;0;0;0;960;0;0;0;LA PATRIA;09/03/11
SANDOCAN MORALES BUITRAGO;ZC001;SUPERMERCADO EL SUPEREXITAZO;CALLE 40 # 21-22;SUPSUP01;26/01/11;3;0;0;0;960;0;0;0;LA PATRIA;09/03/11
SANDOCAN MORALES BUITRAGO;ZC001;SUPERMERCADO EL SUPEREXITAZO;CALLE 40 # 21-22;SUPSUP01;27/01/11;3;0;0;0;960;0;0;0;LA PATRIA;09/03/11
SANDOCAN MORALES BUITRAGO;ZC001;TIENDA LA CANASTA;CL 29 #27 61;TIECAN01;26/01/11;2;0;0;0;960;0;0;0;LA PATRIA;09/03/11
SANDOCAN MORALES BUITRAGO;ZC001;TIENDA LA CANASTA;CL 29 #27 61;TIECAN01;27/01/11;2;0;0;0;960;0;0;0;LA PATRIA;09/03/11
SANDOCAN MORALES BUITRAGO;ZC001;RAPITIENDA J Y P;CR 35B #46 04;RAPJP01;27/01/11;1;0;0;0;960;0;0;0;LA PATRIA;09/03/11
SANDOCAN MORALES BUITRAGO;ZC001;SUPERMERCADO EL CAMPEON;CR 28A #48 06;SUPCAM01;25/01/11;2;0;0;0;960;0;0;0;LA PATRIA;09/03/11
SANDOCAN MORALES BUITRAGO;ZC001;SUPERMERCADO EL CAMPEON;CR 28A #48 06;SUPCAM01;26/01/11;2;0;0;0;960;0;0;0;LA PATRIA;09/03/11
SANDOCAN MORALES BUITRAGO;ZC001;SUPERMERCADO EL CAMPEON;CR 28A #48 06;SUPCAM01;27/01/11;2;0;0;0;960;0;0;0;LA PATRIA;09/03/11
SANDOCAN MORALES BUITRAGO;ZC001;MISCELANEA ASTURIAS;CL 4D #35 01;MISAST01;04/01/11;0;0;0;0;960;0;0;0;LA PATRIA;09/03/11
SANDOCAN MORALES BUITRAGO;ZC001;MISCELANEA ASTURIAS;CL 4D #35 01;MISAST01;05/01/11;0;0;0;0;960;0;0;0;LA PATRIA;09/03/11
SANDOCAN MORALES BUITRAGO;ZC001;MISCELANEA ASTURIAS;CL 4D #35 01;MISAST01;06/01/11;0;0;0;0;960;0;0;0;LA PATRIA;09/03/11
SANDOCAN MORALES BUITRAGO;ZC001;MISCELANEA ASTURIAS;CL 4D #35 01;MISAST01;07/01/11;0;0;0;0;960;0;0;0;LA PATRIA;09/03/11
SANDOCAN MORALES BUITRAGO;ZC001;MISCELANEA ASTURIAS;CL 4D #35 01;MISAST01;08/01/11;0;0;0;0;960;0;0;0;LA PATRIA;09/03/11
SANDOCAN MORALES BUITRAGO;ZC001;MISCELANEA ASTURIAS;CL 4D #35 01;MISAST01;17/01/11;0;0;0;0;960;0;0;0;LA PATRIA;09/03/11
SANDOCAN MORALES BUITRAGO;ZC001;MISCELANEA ASTURIAS;CL 4D #35 01;MISAST01;18/01/11;0;0;0;0;960;0;0;0;LA PATRIA;09/03/11
SANDOCAN MORALES BUITRAGO;ZC001;MISCELANEA ASTURIAS;CL 4D #35 01;MISAST01;19/01/11;0;0;0;0;960;0;0;0;LA PATRIA;09/03/11
SANDOCAN MORALES BUITRAGO;ZC001;MISCELANEA ASTURIAS;CL 4D #35 01;MISAST01;20/01/11;0;0;0;0;960;0;0;0;LA PATRIA;09/03/11
SANDOCAN MORALES BUITRAGO;ZC001;MISCELANEA ASTURIAS;CL 4D #35 01;MISAST01;21/01/11;0;0;0;0;960;0;0;0;LA PATRIA;09/03/11
SANDOCAN MORALES BUITRAGO;ZC001;MISCELANEA ASTURIAS;CL 4D #35 01;MISAST01;22/01/11;0;0;0;0;960;0;0;0;LA PATRIA;09/03/11
SANDOCAN MORALES BUITRAGO;ZC001;MISCELANEA ASTURIAS;CL 4D #35 01;MISAST01;24/01/11;0;0;0;0;960;0;0;0;LA PATRIA;09/03/11
SANDOCAN MORALES BUITRAGO;ZC001;MISCELANEA ASTURIAS;CL 4D #35 01;MISAST01;25/01/11;0;0;0;0;960;0;0;0;LA PATRIA;09/03/11
SANDOCAN MORALES BUITRAGO;ZC001;MISCELANEA ASTURIAS;CL 4D #35 01;MISAST01;26/01/11;0;0;0;0;960;0;0;0;LA PATRIA;09/03/11
SANDOCAN MORALES BUITRAGO;ZC001;MISCELANEA ASTURIAS;CL 4D #35 01;MISAST01;27/01/11;0;0;0;0;960;0;0;0;LA PATRIA;09/03/11
SANDOCAN MORALES BUITRAGO;ZC001;AUTOSER. Y CARNICERIA LOS NOGALES;CL 10D #35A 33;AUTCAR01;04/01/11;0;0;0;0;960;0;0;0;LA PATRIA;09/03/11
SANDOCAN MORALES BUITRAGO;ZC001;AUTOSER. Y CARNICERIA LOS NOGALES;CL 10D #35A 33;AUTCAR01;05/01/11;0;0;0;0;960;0;0;0;LA PATRIA;09/03/11
SANDOCAN MORALES BUITRAGO;ZC001;AUTOSER. Y CARNICERIA LOS NOGALES;CL 10D #35A 33;AUTCAR01;06/01/11;0;0;0;0;960;0;0;0;LA PATRIA;09/03/11
SANDOCAN MORALES BUITRAGO;ZC001;AUTOSER. Y CARNICERIA LOS NOGALES;CL 10D #35A 33;AUTCAR01;07/01/11;0;0;0;0;960;0;0;0;LA PATRIA;09/03/11
SANDOCAN MORALES BUITRAGO;ZC001;AUTOSER. Y CARNICERIA LOS NOGALES;CL 10D #35A 33;AUTCAR01;08/01/11;0;0;0;0;960;0;0;0;LA PATRIA;09/03/11
SANDOCAN MORALES BUITRAGO;ZC001;AUTOSER. Y CARNICERIA LOS NOGALES;CL 10D #35A 33;AUTCAR01;10/01/11;0;0;0;0;960;0;0;0;LA PATRIA;09/03/11
SANDOCAN MORALES BUITRAGO;ZC001;AUTOSER. Y CARNICERIA LOS NOGALES;CL 10D #35A 33;AUTCAR01;11/01/11;0;0;0;0;960;0;0;0;LA PATRIA;09/03/11
SANDOCAN MORALES BUITRAGO;ZC001;AUTOSER. Y CARNICERIA LOS NOGALES;CL 10D #35A 33;AUTCAR01;12/01/11;0;0;0;0;960;0;0;0;LA PATRIA;09/03/11
SANDOCAN MORALES BUITRAGO;ZC001;AUTOSER. Y CARNICERIA LOS NOGALES;CL 10D #35A 33;AUTCAR01;13/01/11;0;0;0;0;960;0;0;0;LA PATRIA;09/03/11
SANDOCAN MORALES BUITRAGO;ZC001;AUTOSER. Y CARNICERIA LOS NOGALES;CL 10D #35A 33;AUTCAR01;14/01/11;0;0;0;0;960;0;0;0;LA PATRIA;09/03/11
SANDOCAN MORALES BUITRAGO;ZC001;AUTOSER. Y CARNICERIA LOS NOGALES;CL 10D #35A 33;AUTCAR01;15/01/11;0;0;0;0;960;0;0;0;LA PATRIA;09/03/11
SANDOCAN MORALES BUITRAGO;ZC001;AUTOSER. Y CARNICERIA LOS NOGALES;CL 10D #35A 33;AUTCAR01;17/01/11;0;0;0;0;960;0;0;0;LA PATRIA;09/03/11
SANDOCAN MORALES BUITRAGO;ZC001;AUTOSER. Y CARNICERIA LOS NOGALES;CL 10D #35A 33;AUTCAR01;18/01/11;0;0;0;0;960;0;0;0;LA PATRIA;09/03/11
SANDOCAN MORALES BUITRAGO;ZC001;AUTOSER. Y CARNICERIA LOS NOGALES;CL 10D #35A 33;AUTCAR01;19/01/11;0;0;0;0;960;0;0;0;LA PATRIA;09/03/11
SANDOCAN MORALES BUITRAGO;ZC001;AUTOSER. Y CARNICERIA LOS NOGALES;CL 10D #35A 33;AUTCAR01;20/01/11;0;0;0;0;960;0;0;0;LA PATRIA;09/03/11
SANDOCAN MORALES BUITRAGO;ZC001;AUTOSER. Y CARNICERIA LOS NOGALES;CL 10D #35A 33;AUTCAR01;21/01/11;0;0;0;0;960;0;0;0;LA PATRIA;09/03/11
SANDOCAN MORALES BUITRAGO;ZC001;AUTOSER. Y CARNICERIA LOS NOGALES;CL 10D #35A 33;AUTCAR01;22/01/11;0;0;0;0;960;0;0;0;LA PATRIA;09/03/11
SANDOCAN MORALES BUITRAGO;ZC001;AUTOSER. Y CARNICERIA LOS NOGALES;CL 10D #35A 33;AUTCAR01;24/01/11;0;0;0;0;960;0;0;0;LA PATRIA;09/03/11
SANDOCAN MORALES BUITRAGO;ZC001;AUTOSER. Y CARNICERIA LOS NOGALES;CL 10D #35A 33;AUTCAR01;25/01/11;0;0;0;0;960;0;0;0;LA PATRIA;09/03/11
SANDOCAN MORALES BUITRAGO;ZC001;AUTOSER. Y CARNICERIA LOS NOGALES;CL 10D #35A 33;AUTCAR01;26/01/11;0;0;0;0;960;0;0;0;LA PATRIA;09/03/11
SANDOCAN MORALES BUITRAGO;ZC001;AUTOSER. Y CARNICERIA LOS NOGALES;CL 10D #35A 33;AUTCAR01;27/01/11;0;0;0;0;960;0;0;0;LA PATRIA;09/03/11
SANDOCAN MORALES BUITRAGO;ZC001;RAPITIENDA ORTEGA?S;CR 44 # 10-24;RAPORT01;04/01/11;0;0;0;0;960;0;0;0;LA PATRIA;09/03/11
SANDOCAN MORALES BUITRAGO;ZC001;RAPITIENDA ORTEGA?S;CR 44 # 10-24;RAPORT01;05/01/11;0;0;0;0;960;0;0;0;LA PATRIA;09/03/11
SANDOCAN MORALES BUITRAGO;ZC001;RAPITIENDA ORTEGA?S;CR 44 # 10-24;RAPORT01;06/01/11;0;0;0;0;960;0;0;0;LA PATRIA;09/03/11
SANDOCAN MORALES BUITRAGO;ZC001;RAPITIENDA ORTEGA?S;CR 44 # 10-24;RAPORT01;07/01/11;0;0;0;0;960;0;0;0;LA PATRIA;09/03/11
SANDOCAN MORALES BUITRAGO;ZC001;RAPITIENDA ORTEGA?S;CR 44 # 10-24;RAPORT01;08/01/11;0;0;0;0;960;0;0;0;LA PATRIA;09/03/11
SANDOCAN MORALES BUITRAGO;ZC001;RAPITIENDA ORTEGA?S;CR 44 # 10-24;RAPORT01;10/01/11;0;0;0;0;960;0;0;0;LA PATRIA;09/03/11
SANDOCAN MORALES BUITRAGO;ZC001;RAPITIENDA ORTEGA?S;CR 44 # 10-24;RAPORT01;11/01/11;0;0;0;0;960;0;0;0;LA PATRIA;09/03/11
SANDOCAN MORALES BUITRAGO;ZC001;RAPITIENDA ORTEGA?S;CR 44 # 10-24;RAPORT01;12/01/11;0;0;0;0;960;0;0;0;LA PATRIA;09/03/11
SANDOCAN MORALES BUITRAGO;ZC001;RAPITIENDA ORTEGA?S;CR 44 # 10-24;RAPORT01;13/01/11;0;0;0;0;960;0;0;0;LA PATRIA;09/03/11
SANDOCAN MORALES BUITRAGO;ZC001;RAPITIENDA ORTEGA?S;CR 44 # 10-24;RAPORT01;14/01/11;0;0;0;0;960;0;0;0;LA PATRIA;09/03/11
SANDOCAN MORALES BUITRAGO;ZC001;RAPITIENDA ORTEGA?S;CR 44 # 10-24;RAPORT01;15/01/11;0;0;0;0;960;0;0;0;LA PATRIA;09/03/11
SANDOCAN MORALES BUITRAGO;ZC001;RAPITIENDA ORTEGA?S;CR 44 # 10-24;RAPORT01;17/01/11;0;0;0;0;960;0;0;0;LA PATRIA;09/03/11
SANDOCAN MORALES BUITRAGO;ZC001;RAPITIENDA ORTEGA?S;CR 44 # 10-24;RAPORT01;18/01/11;0;0;0;0;960;0;0;0;LA PATRIA;09/03/11
SANDOCAN MORALES BUITRAGO;ZC001;RAPITIENDA ORTEGA?S;CR 44 # 10-24;RAPORT01;19/01/11;0;0;0;0;960;0;0;0;LA PATRIA;09/03/11
SANDOCAN MORALES BUITRAGO;ZC001;RAPITIENDA ORTEGA?S;CR 44 # 10-24;RAPORT01;20/01/11;0;0;0;0;960;0;0;0;LA PATRIA;09/03/11
SANDOCAN MORALES BUITRAGO;ZC001;RAPITIENDA ORTEGA?S;CR 44 # 10-24;RAPORT01;21/01/11;0;0;0;0;960;0;0;0;LA PATRIA;09/03/11
SANDOCAN MORALES BUITRAGO;ZC001;RAPITIENDA ORTEGA?S;CR 44 # 10-24;RAPORT01;22/01/11;0;0;0;0;960;0;0;0;LA PATRIA;09/03/11
SANDOCAN MORALES BUITRAGO;ZC001;RAPITIENDA ORTEGA?S;CR 44 # 10-24;RAPORT01;24/01/11;0;0;0;0;960;0;0;0;LA PATRIA;09/03/11
SANDOCAN MORALES BUITRAGO;ZC001;RAPITIENDA ORTEGA?S;CR 44 # 10-24;RAPORT01;25/01/11;0;0;0;0;960;0;0;0;LA PATRIA;09/03/11
SANDOCAN MORALES BUITRAGO;ZC001;RAPITIENDA ORTEGA?S;CR 44 # 10-24;RAPORT01;26/01/11;0;0;0;0;960;0;0;0;LA PATRIA;09/03/11
SANDOCAN MORALES BUITRAGO;ZC001;RAPITIENDA ORTEGA?S;CR 44 # 10-24;RAPORT01;27/01/11;0;0;0;0;960;0;0;0;LA PATRIA;09/03/11
SANDOCAN MORALES BUITRAGO;ZC001;DROGUERIA SANTA INES  # 3;CR 25 # 47-10;DROSAN06;25/01/11;2;0;0;0;960;0;0;0;LA PATRIA;09/03/11
SANDOCAN MORALES BUITRAGO;ZC001;DROGUERIA SANTA INES  # 3;CR 25 # 47-10;DROSAN06;26/01/11;2;0;0;0;960;0;0;0;LA PATRIA;09/03/11
SANDOCAN MORALES BUITRAGO;ZC001;DROGUERIA SANTA INES  # 3;CR 25 # 47-10;DROSAN06;27/01/11;2;0;0;0;960;0;0;0;LA PATRIA;09/03/11
SANDOCAN MORALES BUITRAGO;ZC001;LA CASA DEL PAN;CR 24 #39 26;CASPAN01;13/01/11;3;0;0;0;960;0;0;0;LA PATRIA;09/03/11
SANDOCAN MORALES BUITRAGO;ZC001;LA CASA DEL PAN;CR 24 #39 26;CASPAN01;14/01/11;3;0;0;0;960;0;0;0;LA PATRIA;09/03/11
SANDOCAN MORALES BUITRAGO;ZC001;LA CASA DEL PAN;CR 24 #39 26;CASPAN01;15/01/11;3;0;0;0;960;0;0;0;LA PATRIA;09/03/11
SANDOCAN MORALES BUITRAGO;ZC001;LA CASA DEL PAN;CR 24 #39 26;CASPAN01;16/01/11;7;0;0;0;2050;0;0;0;LA PATRIA;09/03/11
SANDOCAN MORALES BUITRAGO;ZC001;LA CASA DEL PAN;CR 24 #39 26;CASPAN01;17/01/11;3;0;0;0;960;0;0;0;LA PATRIA;09/03/11
SANDOCAN MORALES BUITRAGO;ZC001;LA CASA DEL PAN;CR 24 #39 26;CASPAN01;18/01/11;3;0;0;0;960;0;0;0;LA PATRIA;09/03/11
SANDOCAN MORALES BUITRAGO;ZC001;LA CASA DEL PAN;CR 24 #39 26;CASPAN01;19/01/11;3;0;0;0;960;0;0;0;LA PATRIA;09/03/11
SANDOCAN MORALES BUITRAGO;ZC001;LA CASA DEL PAN;CR 24 #39 26;CASPAN01;20/01/11;3;0;0;0;960;0;0;0;LA PATRIA;09/03/11
SANDOCAN MORALES BUITRAGO;ZC001;LA CASA DEL PAN;CR 24 #39 26;CASPAN01;21/01/11;3;0;0;0;960;0;0;0;LA PATRIA;09/03/11
SANDOCAN MORALES BUITRAGO;ZC001;LA CASA DEL PAN;CR 24 #39 26;CASPAN01;22/01/11;3;0;0;0;960;0;0;0;LA PATRIA;09/03/11
SANDOCAN MORALES BUITRAGO;ZC001;LA CASA DEL PAN;CR 24 #39 26;CASPAN01;23/01/11;7;0;0;0;2050;0;0;0;LA PATRIA;09/03/11
SANDOCAN MORALES BUITRAGO;ZC001;LA CASA DEL PAN;CR 24 #39 26;CASPAN01;24/01/11;3;0;0;0;960;0;0;0;LA PATRIA;09/03/11
SANDOCAN MORALES BUITRAGO;ZC001;LA CASA DEL PAN;CR 24 #39 26;CASPAN01;25/01/11;3;0;0;0;960;0;0;0;LA PATRIA;09/03/11
SANDOCAN MORALES BUITRAGO;ZC001;LA CASA DEL PAN;CR 24 #39 26;CASPAN01;26/01/11;3;0;0;0;960;0;0;0;LA PATRIA;09/03/11
SANDOCAN MORALES BUITRAGO;ZC001;LA CASA DEL PAN;CR 24 #39 26;CASPAN01;27/01/11;3;0;0;0;960;0;0;0;LA PATRIA;09/03/11
SANDOCAN MORALES BUITRAGO;ZC001;RAPITIENDA MISCELANEA LA RECTA;CL 12 # 30-50;RAPEXI01;26/01/11;2;0;0;0;960;0;0;0;LA PATRIA;09/03/11
SANDOCAN MORALES BUITRAGO;ZC001;RAPITIENDA MISCELANEA LA RECTA;CL 12 # 30-50;RAPEXI01;27/01/11;2;0;0;0;960;0;0;0;LA PATRIA;09/03/11
SANDOCAN MORALES BUITRAGO;ZC001;TIENDA SAN MIGUEL;CL 4C #34A 22 TIENDA PARASOL;TIESAN02;04/01/11;0;0;0;0;960;0;0;0;LA PATRIA;09/03/11
SANDOCAN MORALES BUITRAGO;ZC001;TIENDA SAN MIGUEL;CL 4C #34A 22 TIENDA PARASOL;TIESAN02;05/01/11;0;0;0;0;960;0;0;0;LA PATRIA;09/03/11
SANDOCAN MORALES BUITRAGO;ZC001;TIENDA SAN MIGUEL;CL 4C #34A 22 TIENDA PARASOL;TIESAN02;06/01/11;0;0;0;0;960;0;0;0;LA PATRIA;09/03/11
SANDOCAN MORALES BUITRAGO;ZC001;TIENDA SAN MIGUEL;CL 4C #34A 22 TIENDA PARASOL;TIESAN02;07/01/11;0;0;0;0;960;0;0;0;LA PATRIA;09/03/11
SANDOCAN MORALES BUITRAGO;ZC001;TIENDA SAN MIGUEL;CL 4C #34A 22 TIENDA PARASOL;TIESAN02;08/01/11;0;0;0;0;960;0;0;0;LA PATRIA;09/03/11
SANDOCAN MORALES BUITRAGO;ZC001;TIENDA SAN MIGUEL;CL 4C #34A 22 TIENDA PARASOL;TIESAN02;10/01/11;0;0;0;0;960;0;0;0;LA PATRIA;09/03/11
SANDOCAN MORALES BUITRAGO;ZC001;TIENDA SAN MIGUEL;CL 4C #34A 22 TIENDA PARASOL;TIESAN02;11/01/11;0;0;0;0;960;0;0;0;LA PATRIA;09/03/11
SANDOCAN MORALES BUITRAGO;ZC001;TIENDA SAN MIGUEL;CL 4C #34A 22 TIENDA PARASOL;TIESAN02;12/01/11;0;0;0;0;960;0;0;0;LA PATRIA;09/03/11
SANDOCAN MORALES BUITRAGO;ZC001;TIENDA SAN MIGUEL;CL 4C #34A 22 TIENDA PARASOL;TIESAN02;13/01/11;0;0;0;0;960;0;0;0;LA PATRIA;09/03/11
SANDOCAN MORALES BUITRAGO;ZC001;TIENDA SAN MIGUEL;CL 4C #34A 22 TIENDA PARASOL;TIESAN02;14/01/11;0;0;0;0;960;0;0;0;LA PATRIA;09/03/11
SANDOCAN MORALES BUITRAGO;ZC001;TIENDA SAN MIGUEL;CL 4C #34A 22 TIENDA PARASOL;TIESAN02;15/01/11;0;0;0;0;960;0;0;0;LA PATRIA;09/03/11
SANDOCAN MORALES BUITRAGO;ZC001;TIENDA SAN MIGUEL;CL 4C #34A 22 TIENDA PARASOL;TIESAN02;17/01/11;0;0;0;0;960;0;0;0;LA PATRIA;09/03/11
SANDOCAN MORALES BUITRAGO;ZC001;TIENDA SAN MIGUEL;CL 4C #34A 22 TIENDA PARASOL;TIESAN02;18/01/11;0;0;0;0;960;0;0;0;LA PATRIA;09/03/11
SANDOCAN MORALES BUITRAGO;ZC001;TIENDA SAN MIGUEL;CL 4C #34A 22 TIENDA PARASOL;TIESAN02;19/01/11;0;0;0;0;960;0;0;0;LA PATRIA;09/03/11
SANDOCAN MORALES BUITRAGO;ZC001;TIENDA SAN MIGUEL;CL 4C #34A 22 TIENDA PARASOL;TIESAN02;20/01/11;0;0;0;0;960;0;0;0;LA PATRIA;09/03/11
SANDOCAN MORALES BUITRAGO;ZC001;TIENDA SAN MIGUEL;CL 4C #34A 22 TIENDA PARASOL;TIESAN02;21/01/11;0;0;0;0;960;0;0;0;LA PATRIA;09/03/11
SANDOCAN MORALES BUITRAGO;ZC001;TIENDA SAN MIGUEL;CL 4C #34A 22 TIENDA PARASOL;TIESAN02;22/01/11;0;0;0;0;960;0;0;0;LA PATRIA;09/03/11
SANDOCAN MORALES BUITRAGO;ZC001;TIENDA SAN MIGUEL;CL 4C #34A 22 TIENDA PARASOL;TIESAN02;24/01/11;0;0;0;0;960;0;0;0;LA PATRIA;09/03/11
SANDOCAN MORALES BUITRAGO;ZC001;TIENDA SAN MIGUEL;CL 4C #34A 22 TIENDA PARASOL;TIESAN02;25/01/11;0;0;0;0;960;0;0;0;LA PATRIA;09/03/11
SANDOCAN MORALES BUITRAGO;ZC001;TIENDA SAN MIGUEL;CL 4C #34A 22 TIENDA PARASOL;TIESAN02;26/01/11;0;0;0;0;960;0;0;0;LA PATRIA;09/03/11
SANDOCAN MORALES BUITRAGO;ZC001;TIENDA SAN MIGUEL;CL 4C #34A 22 TIENDA PARASOL;TIESAN02;27/01/11;0;0;0;0;960;0;0;0;LA PATRIA;09/03/11
SANDOCAN MORALES BUITRAGO;ZC001;TIENDA LA CHIQUITINA;CL 48 # 25-13;TIECHI01;25/01/11;2;0;0;0;960;0;0;0;LA PATRIA;09/03/11
SANDOCAN MORALES BUITRAGO;ZC001;TIENDA LA CHIQUITINA;CL 48 # 25-13;TIECHI01;26/01/11;2;0;0;0;960;0;0;0;LA PATRIA;09/03/11
SANDOCAN MORALES BUITRAGO;ZC001;TIENDA LA CHIQUITINA;CL 48 # 25-13;TIECHI01;27/01/11;2;0;0;0;960;0;0;0;LA PATRIA;09/03/11
SANDOCAN MORALES BUITRAGO;ZC001;LA TIENDA DE ANITA;CR 25 # 41-72;TIEANI01;25/01/11;2;0;0;0;960;0;0;0;LA PATRIA;09/03/11
SANDOCAN MORALES BUITRAGO;ZC001;LA TIENDA DE ANITA;CR 25 # 41-72;TIEANI01;26/01/11;2;0;0;0;960;0;0;0;LA PATRIA;09/03/11
SANDOCAN MORALES BUITRAGO;ZC001;LA TIENDA DE ANITA;CR 25 # 41-72;TIEANI01;27/01/11;2;0;0;0;960;0;0;0;LA PATRIA;09/03/11
SANDOCAN MORALES BUITRAGO;ZC001;TIENDA EL COLIBRI;CR 32 #32 59;TIECOL03;04/01/11;0;0;0;0;960;0;0;0;LA PATRIA;09/03/11
SANDOCAN MORALES BUITRAGO;ZC001;TIENDA EL COLIBRI;CR 32 #32 59;TIECOL03;05/01/11;0;0;0;0;960;0;0;0;LA PATRIA;09/03/11
SANDOCAN MORALES BUITRAGO;ZC001;TIENDA EL COLIBRI;CR 32 #32 59;TIECOL03;06/01/11;0;0;0;0;960;0;0;0;LA PATRIA;09/03/11
SANDOCAN MORALES BUITRAGO;ZC001;TIENDA EL COLIBRI;CR 32 #32 59;TIECOL03;07/01/11;0;0;0;0;960;0;0;0;LA PATRIA;09/03/11
SANDOCAN MORALES BUITRAGO;ZC001;TIENDA EL COLIBRI;CR 32 #32 59;TIECOL03;08/01/11;0;0;0;0;960;0;0;0;LA PATRIA;09/03/11
SANDOCAN MORALES BUITRAGO;ZC001;TIENDA EL COLIBRI;CR 32 #32 59;TIECOL03;10/01/11;0;0;0;0;960;0;0;0;LA PATRIA;09/03/11
SANDOCAN MORALES BUITRAGO;ZC001;TIENDA EL COLIBRI;CR 32 #32 59;TIECOL03;11/01/11;0;0;0;0;960;0;0;0;LA PATRIA;09/03/11
SANDOCAN MORALES BUITRAGO;ZC001;TIENDA EL COLIBRI;CR 32 #32 59;TIECOL03;12/01/11;0;0;0;0;960;0;0;0;LA PATRIA;09/03/11
SANDOCAN MORALES BUITRAGO;ZC001;TIENDA EL COLIBRI;CR 32 #32 59;TIECOL03;13/01/11;0;0;0;0;960;0;0;0;LA PATRIA;09/03/11
SANDOCAN MORALES BUITRAGO;ZC001;TIENDA EL COLIBRI;CR 32 #32 59;TIECOL03;14/01/11;0;0;0;0;960;0;0;0;LA PATRIA;09/03/11
SANDOCAN MORALES BUITRAGO;ZC001;TIENDA EL COLIBRI;CR 32 #32 59;TIECOL03;15/01/11;0;0;0;0;960;0;0;0;LA PATRIA;09/03/11
SANDOCAN MORALES BUITRAGO;ZC001;TIENDA EL COLIBRI;CR 32 #32 59;TIECOL03;17/01/11;0;0;0;0;960;0;0;0;LA PATRIA;09/03/11
SANDOCAN MORALES BUITRAGO;ZC001;TIENDA EL COLIBRI;CR 32 #32 59;TIECOL03;18/01/11;0;0;0;0;960;0;0;0;LA PATRIA;09/03/11
SANDOCAN MORALES BUITRAGO;ZC001;TIENDA EL COLIBRI;CR 32 #32 59;TIECOL03;19/01/11;0;0;0;0;960;0;0;0;LA PATRIA;09/03/11
SANDOCAN MORALES BUITRAGO;ZC001;TIENDA EL COLIBRI;CR 32 #32 59;TIECOL03;20/01/11;0;0;0;0;960;0;0;0;LA PATRIA;09/03/11
SANDOCAN MORALES BUITRAGO;ZC001;TIENDA EL COLIBRI;CR 32 #32 59;TIECOL03;21/01/11;0;0;0;0;960;0;0;0;LA PATRIA;09/03/11
SANDOCAN MORALES BUITRAGO;ZC001;TIENDA EL COLIBRI;CR 32 #32 59;TIECOL03;22/01/11;0;0;0;0;960;0;0;0;LA PATRIA;09/03/11
SANDOCAN MORALES BUITRAGO;ZC001;TIENDA EL COLIBRI;CR 32 #32 59;TIECOL03;24/01/11;0;0;0;0;960;0;0;0;LA PATRIA;09/03/11
SANDOCAN MORALES BUITRAGO;ZC001;TIENDA EL COLIBRI;CR 32 #32 59;TIECOL03;25/01/11;0;0;0;0;960;0;0;0;LA PATRIA;09/03/11
SANDOCAN MORALES BUITRAGO;ZC001;TIENDA EL COLIBRI;CR 32 #32 59;TIECOL03;26/01/11;0;0;0;0;960;0;0;0;LA PATRIA;09/03/11
SANDOCAN MORALES BUITRAGO;ZC001;TIENDA EL COLIBRI;CR 32 #32 59;TIECOL03;27/01/11;0;0;0;0;960;0;0;0;LA PATRIA;09/03/11
SANDOCAN MORALES BUITRAGO;ZC001;CAFETERIA Y HELADERIA COPOS;CL 48 # 25 A-04;CAFCOP01;25/01/11;2;0;0;0;960;0;0;0;LA PATRIA;09/03/11
SANDOCAN MORALES BUITRAGO;ZC001;CAFETERIA Y HELADERIA COPOS;CL 48 # 25 A-04;CAFCOP01;26/01/11;2;0;0;0;960;0;0;0;LA PATRIA;09/03/11
SANDOCAN MORALES BUITRAGO;ZC001;CAFETERIA Y HELADERIA COPOS;CL 48 # 25 A-04;CAFCOP01;27/01/11;2;0;0;0;960;0;0;0;LA PATRIA;09/03/11
SANDOCAN MORALES BUITRAGO;ZC001;DROGUERIA FARMACENTER;CR 23 # 30-29;DROFAR01;25/01/11;2;0;0;0;960;0;0;0;LA PATRIA;09/03/11
SANDOCAN MORALES BUITRAGO;ZC001;DROGUERIA FARMACENTER;CR 23 # 30-29;DROFAR01;26/01/11;2;0;0;0;960;0;0;0;LA PATRIA;09/03/11
SANDOCAN MORALES BUITRAGO;ZC001;DROGUERIA FARMACENTER;CR 23 # 30-29;DROFAR01;27/01/11;2;0;0;0;960;0;0;0;LA PATRIA;09/03/11
SANDOCAN MORALES BUITRAGO;ZC001;GALERIA LA 50;CL 50 # 26-29;GALE5001;27/01/11;2;0;0;0;960;0;0;0;LA PATRIA;09/03/11
SANDOCAN MORALES BUITRAGO;ZC001;PANADERIA ALEXA;CR 34 # 48H-13;PANALE01;04/01/11;0;0;0;0;960;0;0;0;LA PATRIA;09/03/11
SANDOCAN MORALES BUITRAGO;ZC001;PANADERIA ALEXA;CR 34 # 48H-13;PANALE01;05/01/11;0;0;0;0;960;0;0;0;LA PATRIA;09/03/11
SANDOCAN MORALES BUITRAGO;ZC001;PANADERIA ALEXA;CR 34 # 48H-13;PANALE01;06/01/11;0;0;0;0;960;0;0;0;LA PATRIA;09/03/11
SANDOCAN MORALES BUITRAGO;ZC001;PANADERIA ALEXA;CR 34 # 48H-13;PANALE01;07/01/11;0;0;0;0;960;0;0;0;LA PATRIA;09/03/11
SANDOCAN MORALES BUITRAGO;ZC001;PANADERIA ALEXA;CR 34 # 48H-13;PANALE01;08/01/11;0;0;0;0;960;0;0;0;LA PATRIA;09/03/11
SANDOCAN MORALES BUITRAGO;ZC001;PANADERIA ALEXA;CR 34 # 48H-13;PANALE01;10/01/11;0;0;0;0;960;0;0;0;LA PATRIA;09/03/11
SANDOCAN MORALES BUITRAGO;ZC001;PANADERIA ALEXA;CR 34 # 48H-13;PANALE01;11/01/11;0;0;0;0;960;0;0;0;LA PATRIA;09/03/11
SANDOCAN MORALES BUITRAGO;ZC001;PANADERIA ALEXA;CR 34 # 48H-13;PANALE01;12/01/11;0;0;0;0;960;0;0;0;LA PATRIA;09/03/11
SANDOCAN MORALES BUITRAGO;ZC001;PANADERIA ALEXA;CR 34 # 48H-13;PANALE01;13/01/11;0;0;0;0;960;0;0;0;LA PATRIA;09/03/11
SANDOCAN MORALES BUITRAGO;ZC001;PANADERIA ALEXA;CR 34 # 48H-13;PANALE01;14/01/11;0;0;0;0;960;0;0;0;LA PATRIA;09/03/11
SANDOCAN MORALES BUITRAGO;ZC001;PANADERIA ALEXA;CR 34 # 48H-13;PANALE01;15/01/11;0;0;0;0;960;0;0;0;LA PATRIA;09/03/11
SANDOCAN MORALES BUITRAGO;ZC001;PANADERIA ALEXA;CR 34 # 48H-13;PANALE01;17/01/11;0;0;0;0;960;0;0;0;LA PATRIA;09/03/11
SANDOCAN MORALES BUITRAGO;ZC001;PANADERIA ALEXA;CR 34 # 48H-13;PANALE01;18/01/11;0;0;0;0;960;0;0;0;LA PATRIA;09/03/11
SANDOCAN MORALES BUITRAGO;ZC001;PANADERIA ALEXA;CR 34 # 48H-13;PANALE01;19/01/11;0;0;0;0;960;0;0;0;LA PATRIA;09/03/11
SANDOCAN MORALES BUITRAGO;ZC001;PANADERIA ALEXA;CR 34 # 48H-13;PANALE01;20/01/11;0;0;0;0;960;0;0;0;LA PATRIA;09/03/11
SANDOCAN MORALES BUITRAGO;ZC001;PANADERIA ALEXA;CR 34 # 48H-13;PANALE01;21/01/11;0;0;0;0;960;0;0;0;LA PATRIA;09/03/11
SANDOCAN MORALES BUITRAGO;ZC001;PANADERIA ALEXA;CR 34 # 48H-13;PANALE01;22/01/11;0;0;0;0;960;0;0;0;LA PATRIA;09/03/11
SANDOCAN MORALES BUITRAGO;ZC001;PANADERIA ALEXA;CR 34 # 48H-13;PANALE01;24/01/11;0;0;0;0;960;0;0;0;LA PATRIA;09/03/11
SANDOCAN MORALES BUITRAGO;ZC001;PANADERIA ALEXA;CR 34 # 48H-13;PANALE01;25/01/11;0;0;0;0;960;0;0;0;LA PATRIA;09/03/11
SANDOCAN MORALES BUITRAGO;ZC001;PANADERIA ALEXA;CR 34 # 48H-13;PANALE01;26/01/11;0;0;0;0;960;0;0;0;LA PATRIA;09/03/11
SANDOCAN MORALES BUITRAGO;ZC001;PANADERIA ALEXA;CR 34 # 48H-13;PANALE01;27/01/11;0;0;0;0;960;0;0;0;LA PATRIA;09/03/11
SANDOCAN MORALES BUITRAGO;ZC001;MISCELANEA LA COMPLETA;CL 38 #32A 38 VILLACARMENZA;MISCOM01;04/01/11;0;0;0;0;960;0;0;0;LA PATRIA;09/03/11
SANDOCAN MORALES BUITRAGO;ZC001;MISCELANEA LA COMPLETA;CL 38 #32A 38 VILLACARMENZA;MISCOM01;05/01/11;0;0;0;0;960;0;0;0;LA PATRIA;09/03/11
SANDOCAN MORALES BUITRAGO;ZC001;MISCELANEA LA COMPLETA;CL 38 #32A 38 VILLACARMENZA;MISCOM01;06/01/11;0;0;0;0;960;0;0;0;LA PATRIA;09/03/11
SANDOCAN MORALES BUITRAGO;ZC001;MISCELANEA LA COMPLETA;CL 38 #32A 38 VILLACARMENZA;MISCOM01;07/01/11;0;0;0;0;960;0;0;0;LA PATRIA;09/03/11
SANDOCAN MORALES BUITRAGO;ZC001;MISCELANEA LA COMPLETA;CL 38 #32A 38 VILLACARMENZA;MISCOM01;08/01/11;0;0;0;0;960;0;0;0;LA PATRIA;09/03/11
SANDOCAN MORALES BUITRAGO;ZC001;MISCELANEA LA COMPLETA;CL 38 #32A 38 VILLACARMENZA;MISCOM01;10/01/11;0;0;0;0;960;0;0;0;LA PATRIA;09/03/11
SANDOCAN MORALES BUITRAGO;ZC001;MISCELANEA LA COMPLETA;CL 38 #32A 38 VILLACARMENZA;MISCOM01;11/01/11;0;0;0;0;960;0;0;0;LA PATRIA;09/03/11
SANDOCAN MORALES BUITRAGO;ZC001;MISCELANEA LA COMPLETA;CL 38 #32A 38 VILLACARMENZA;MISCOM01;12/01/11;0;0;0;0;960;0;0;0;LA PATRIA;09/03/11
SANDOCAN MORALES BUITRAGO;ZC001;MISCELANEA LA COMPLETA;CL 38 #32A 38 VILLACARMENZA;MISCOM01;13/01/11;0;0;0;0;960;0;0;0;LA PATRIA;09/03/11
SANDOCAN MORALES BUITRAGO;ZC001;MISCELANEA LA COMPLETA;CL 38 #32A 38 VILLACARMENZA;MISCOM01;14/01/11;0;0;0;0;960;0;0;0;LA PATRIA;09/03/11
SANDOCAN MORALES BUITRAGO;ZC001;MISCELANEA LA COMPLETA;CL 38 #32A 38 VILLACARMENZA;MISCOM01;15/01/11;0;0;0;0;960;0;0;0;LA PATRIA;09/03/11
SANDOCAN MORALES BUITRAGO;ZC001;MISCELANEA LA COMPLETA;CL 38 #32A 38 VILLACARMENZA;MISCOM01;17/01/11;0;0;0;0;960;0;0;0;LA PATRIA;09/03/11
SANDOCAN MORALES BUITRAGO;ZC001;MISCELANEA LA COMPLETA;CL 38 #32A 38 VILLACARMENZA;MISCOM01;18/01/11;0;0;0;0;960;0;0;0;LA PATRIA;09/03/11
SANDOCAN MORALES BUITRAGO;ZC001;MISCELANEA LA COMPLETA;CL 38 #32A 38 VILLACARMENZA;MISCOM01;19/01/11;0;0;0;0;960;0;0;0;LA PATRIA;09/03/11
SANDOCAN MORALES BUITRAGO;ZC001;MISCELANEA LA COMPLETA;CL 38 #32A 38 VILLACARMENZA;MISCOM01;20/01/11;0;0;0;0;960;0;0;0;LA PATRIA;09/03/11
SANDOCAN MORALES BUITRAGO;ZC001;MISCELANEA LA COMPLETA;CL 38 #32A 38 VILLACARMENZA;MISCOM01;21/01/11;0;0;0;0;960;0;0;0;LA PATRIA;09/03/11
SANDOCAN MORALES BUITRAGO;ZC001;MISCELANEA LA COMPLETA;CL 38 #32A 38 VILLACARMENZA;MISCOM01;22/01/11;0;0;0;0;960;0;0;0;LA PATRIA;09/03/11
SANDOCAN MORALES BUITRAGO;ZC001;MISCELANEA LA COMPLETA;CL 38 #32A 38 VILLACARMENZA;MISCOM01;24/01/11;0;0;0;0;960;0;0;0;LA PATRIA;09/03/11
SANDOCAN MORALES BUITRAGO;ZC001;MISCELANEA LA COMPLETA;CL 38 #32A 38 VILLACARMENZA;MISCOM01;25/01/11;0;0;0;0;960;0;0;0;LA PATRIA;09/03/11
SANDOCAN MORALES BUITRAGO;ZC001;MISCELANEA LA COMPLETA;CL 38 #32A 38 VILLACARMENZA;MISCOM01;26/01/11;0;0;0;0;960;0;0;0;LA PATRIA;09/03/11
SANDOCAN MORALES BUITRAGO;ZC001;MISCELANEA LA COMPLETA;CL 38 #32A 38 VILLACARMENZA;MISCOM01;27/01/11;0;0;0;0;960;0;0;0;LA PATRIA;09/03/11
SANDOCAN MORALES BUITRAGO;ZC001;AUTOSERVICIO VILLACARMENZA;CR 36 # 47-05;AUTVIL01;24/01/11;2;0;0;0;960;0;0;0;LA PATRIA;09/03/11
SANDOCAN MORALES BUITRAGO;ZC001;AUTOSERVICIO VILLACARMENZA;CR 36 # 47-05;AUTVIL01;25/01/11;2;0;0;0;960;0;0;0;LA PATRIA;09/03/11
SANDOCAN MORALES BUITRAGO;ZC001;AUTOSERVICIO VILLACARMENZA;CR 36 # 47-05;AUTVIL01;26/01/11;2;0;0;0;960;0;0;0;LA PATRIA;09/03/11
SANDOCAN MORALES BUITRAGO;ZC001;AUTOSERVICIO VILLACARMENZA;CR 36 # 47-05;AUTVIL01;27/01/11;2;0;0;0;960;0;0;0;LA PATRIA;09/03/11
SANDOCAN MORALES BUITRAGO;ZC001;TIENDA GUILLICASPA;CLL 49 E # 34C-61;TIEGUI01;04/01/11;0;0;0;0;960;0;0;0;LA PATRIA;09/03/11
SANDOCAN MORALES BUITRAGO;ZC001;TIENDA GUILLICASPA;CLL 49 E # 34C-61;TIEGUI01;05/01/11;0;0;0;0;960;0;0;0;LA PATRIA;09/03/11
SANDOCAN MORALES BUITRAGO;ZC001;TIENDA GUILLICASPA;CLL 49 E # 34C-61;TIEGUI01;06/01/11;0;0;0;0;960;0;0;0;LA PATRIA;09/03/11
SANDOCAN MORALES BUITRAGO;ZC001;TIENDA GUILLICASPA;CLL 49 E # 34C-61;TIEGUI01;07/01/11;0;0;0;0;960;0;0;0;LA PATRIA;09/03/11
SANDOCAN MORALES BUITRAGO;ZC001;TIENDA GUILLICASPA;CLL 49 E # 34C-61;TIEGUI01;08/01/11;0;0;0;0;960;0;0;0;LA PATRIA;09/03/11
SANDOCAN MORALES BUITRAGO;ZC001;TIENDA GUILLICASPA;CLL 49 E # 34C-61;TIEGUI01;10/01/11;0;0;0;0;960;0;0;0;LA PATRIA;09/03/11
SANDOCAN MORALES BUITRAGO;ZC001;TIENDA GUILLICASPA;CLL 49 E # 34C-61;TIEGUI01;11/01/11;0;0;0;0;960;0;0;0;LA PATRIA;09/03/11
SANDOCAN MORALES BUITRAGO;ZC001;TIENDA GUILLICASPA;CLL 49 E # 34C-61;TIEGUI01;12/01/11;0;0;0;0;960;0;0;0;LA PATRIA;09/03/11
SANDOCAN MORALES BUITRAGO;ZC001;TIENDA GUILLICASPA;CLL 49 E # 34C-61;TIEGUI01;13/01/11;0;0;0;0;960;0;0;0;LA PATRIA;09/03/11
SANDOCAN MORALES BUITRAGO;ZC001;TIENDA GUILLICASPA;CLL 49 E # 34C-61;TIEGUI01;14/01/11;0;0;0;0;960;0;0;0;LA PATRIA;09/03/11
SANDOCAN MORALES BUITRAGO;ZC001;TIENDA GUILLICASPA;CLL 49 E # 34C-61;TIEGUI01;15/01/11;0;0;0;0;960;0;0;0;LA PATRIA;09/03/11
SANDOCAN MORALES BUITRAGO;ZC001;TIENDA GUILLICASPA;CLL 49 E # 34C-61;TIEGUI01;17/01/11;0;0;0;0;960;0;0;0;LA PATRIA;09/03/11
SANDOCAN MORALES BUITRAGO;ZC001;TIENDA GUILLICASPA;CLL 49 E # 34C-61;TIEGUI01;18/01/11;0;0;0;0;960;0;0;0;LA PATRIA;09/03/11
SANDOCAN MORALES BUITRAGO;ZC001;TIENDA GUILLICASPA;CLL 49 E # 34C-61;TIEGUI01;19/01/11;0;0;0;0;960;0;0;0;LA PATRIA;09/03/11
SANDOCAN MORALES BUITRAGO;ZC001;TIENDA GUILLICASPA;CLL 49 E # 34C-61;TIEGUI01;20/01/11;0;0;0;0;960;0;0;0;LA PATRIA;09/03/11
SANDOCAN MORALES BUITRAGO;ZC001;TIENDA GUILLICASPA;CLL 49 E # 34C-61;TIEGUI01;21/01/11;0;0;0;0;960;0;0;0;LA PATRIA;09/03/11
SANDOCAN MORALES BUITRAGO;ZC001;TIENDA GUILLICASPA;CLL 49 E # 34C-61;TIEGUI01;22/01/11;0;0;0;0;960;0;0;0;LA PATRIA;09/03/11
SANDOCAN MORALES BUITRAGO;ZC001;TIENDA GUILLICASPA;CLL 49 E # 34C-61;TIEGUI01;24/01/11;0;0;0;0;960;0;0;0;LA PATRIA;09/03/11
SANDOCAN MORALES BUITRAGO;ZC001;TIENDA GUILLICASPA;CLL 49 E # 34C-61;TIEGUI01;25/01/11;0;0;0;0;960;0;0;0;LA PATRIA;09/03/11
SANDOCAN MORALES BUITRAGO;ZC001;TIENDA GUILLICASPA;CLL 49 E # 34C-61;TIEGUI01;26/01/11;0;0;0;0;960;0;0;0;LA PATRIA;09/03/11
SANDOCAN MORALES BUITRAGO;ZC001;TIENDA GUILLICASPA;CLL 49 E # 34C-61;TIEGUI01;27/01/11;0;0;0;0;960;0;0;0;LA PATRIA;09/03/11
SANDOCAN MORALES BUITRAGO;ZC001;CARRO DE DULCES   CLINICA MANIZALES;CR 25 # 24-41;CARDUL01;02/01/11;6;0;0;0;2050;0;0;0;LA PATRIA;09/03/11
SANDOCAN MORALES BUITRAGO;ZC001;CARRO DE DULCES   CLINICA MANIZALES;CR 25 # 24-41;CARDUL01;03/01/11;2;0;0;0;960;0;0;0;LA PATRIA;09/03/11
SANDOCAN MORALES BUITRAGO;ZC001;CARRO DE DULCES   CLINICA MANIZALES;CR 25 # 24-41;CARDUL01;04/01/11;10;0;0;0;960;0;0;0;LA PATRIA;09/03/11
SANDOCAN MORALES BUITRAGO;ZC001;CARRO DE DULCES   CLINICA MANIZALES;CR 25 # 24-41;CARDUL01;05/01/11;5;0;0;0;960;0;0;0;LA PATRIA;09/03/11
SANDOCAN MORALES BUITRAGO;ZC001;CARRO DE DULCES   CLINICA MANIZALES;CR 25 # 24-41;CARDUL01;06/01/11;2;0;0;0;960;0;0;0;LA PATRIA;09/03/11
SANDOCAN MORALES BUITRAGO;ZC001;CARRO DE DULCES   CLINICA MANIZALES;CR 25 # 24-41;CARDUL01;07/01/11;2;0;0;0;960;0;0;0;LA PATRIA;09/03/11
SANDOCAN MORALES BUITRAGO;ZC001;CARRO DE DULCES   CLINICA MANIZALES;CR 25 # 24-41;CARDUL01;08/01/11;2;0;0;0;960;0;0;0;LA PATRIA;09/03/11
SANDOCAN MORALES BUITRAGO;ZC001;CARRO DE DULCES   CLINICA MANIZALES;CR 25 # 24-41;CARDUL01;09/01/11;6;0;0;0;2050;0;0;0;LA PATRIA;09/03/11
SANDOCAN MORALES BUITRAGO;ZC001;CARRO DE DULCES   CLINICA MANIZALES;CR 25 # 24-41;CARDUL01;10/01/11;2;0;0;0;960;0;0;0;LA PATRIA;09/03/11
SANDOCAN MORALES BUITRAGO;ZC001;CARRO DE DULCES   CLINICA MANIZALES;CR 25 # 24-41;CARDUL01;11/01/11;2;0;0;0;960;0;0;0;LA PATRIA;09/03/11
SANDOCAN MORALES BUITRAGO;ZC001;CARRO DE DULCES   CLINICA MANIZALES;CR 25 # 24-41;CARDUL01;12/01/11;2;0;0;0;960;0;0;0;LA PATRIA;09/03/11
SANDOCAN MORALES BUITRAGO;ZC001;CARRO DE DULCES   CLINICA MANIZALES;CR 25 # 24-41;CARDUL01;13/01/11;2;0;0;0;960;0;0;0;LA PATRIA;09/03/11
SANDOCAN MORALES BUITRAGO;ZC001;CARRO DE DULCES   CLINICA MANIZALES;CR 25 # 24-41;CARDUL01;14/01/11;2;0;0;0;960;0;0;0;LA PATRIA;09/03/11
SANDOCAN MORALES BUITRAGO;ZC001;CARRO DE DULCES   CLINICA MANIZALES;CR 25 # 24-41;CARDUL01;15/01/11;2;0;0;0;960;0;0;0;LA PATRIA;09/03/11
SANDOCAN MORALES BUITRAGO;ZC001;CARRO DE DULCES   CLINICA MANIZALES;CR 25 # 24-41;CARDUL01;16/01/11;6;0;0;0;2050;0;0;0;LA PATRIA;09/03/11
SANDOCAN MORALES BUITRAGO;ZC001;CARRO DE DULCES   CLINICA MANIZALES;CR 25 # 24-41;CARDUL01;17/01/11;2;0;0;0;960;0;0;0;LA PATRIA;09/03/11
SANDOCAN MORALES BUITRAGO;ZC001;CARRO DE DULCES   CLINICA MANIZALES;CR 25 # 24-41;CARDUL01;18/01/11;2;0;0;0;960;0;0;0;LA PATRIA;09/03/11
SANDOCAN MORALES BUITRAGO;ZC001;CARRO DE DULCES   CLINICA MANIZALES;CR 25 # 24-41;CARDUL01;19/01/11;2;0;0;0;960;0;0;0;LA PATRIA;09/03/11
SANDOCAN MORALES BUITRAGO;ZC001;CARRO DE DULCES   CLINICA MANIZALES;CR 25 # 24-41;CARDUL01;20/01/11;2;0;0;0;960;0;0;0;LA PATRIA;09/03/11
SANDOCAN MORALES BUITRAGO;ZC001;CARRO DE DULCES   CLINICA MANIZALES;CR 25 # 24-41;CARDUL01;21/01/11;2;0;0;0;960;0;0;0;LA PATRIA;09/03/11
SANDOCAN MORALES BUITRAGO;ZC001;CARRO DE DULCES   CLINICA MANIZALES;CR 25 # 24-41;CARDUL01;22/01/11;2;0;0;0;960;0;0;0;LA PATRIA;09/03/11
SANDOCAN MORALES BUITRAGO;ZC001;CARRO DE DULCES   CLINICA MANIZALES;CR 25 # 24-41;CARDUL01;23/01/11;6;0;0;0;2050;0;0;0;LA PATRIA;09/03/11
SANDOCAN MORALES BUITRAGO;ZC001;CARRO DE DULCES   CLINICA MANIZALES;CR 25 # 24-41;CARDUL01;24/01/11;2;0;0;0;960;0;0;0;LA PATRIA;09/03/11
SANDOCAN MORALES BUITRAGO;ZC001;CARRO DE DULCES   CLINICA MANIZALES;CR 25 # 24-41;CARDUL01;25/01/11;2;0;0;0;960;0;0;0;LA PATRIA;09/03/11
SANDOCAN MORALES BUITRAGO;ZC001;CARRO DE DULCES   CLINICA MANIZALES;CR 25 # 24-41;CARDUL01;26/01/11;2;0;0;0;960;0;0;0;LA PATRIA;09/03/11
SANDOCAN MORALES BUITRAGO;ZC001;CARRO DE DULCES   CLINICA MANIZALES;CR 25 # 24-41;CARDUL01;27/01/11;2;0;0;0;960;0;0;0;LA PATRIA;09/03/11
SANDOCAN MORALES BUITRAGO;ZC001;UTILES ESCOLARES Y ALGO MAS;CL 18 #30 41;UTIESC01;04/01/11;0;0;0;0;960;0;0;0;LA PATRIA;09/03/11
SANDOCAN MORALES BUITRAGO;ZC001;UTILES ESCOLARES Y ALGO MAS;CL 18 #30 41;UTIESC01;05/01/11;0;0;0;0;960;0;0;0;LA PATRIA;09/03/11
SANDOCAN MORALES BUITRAGO;ZC001;UTILES ESCOLARES Y ALGO MAS;CL 18 #30 41;UTIESC01;06/01/11;0;0;0;0;960;0;0;0;LA PATRIA;09/03/11
SANDOCAN MORALES BUITRAGO;ZC001;UTILES ESCOLARES Y ALGO MAS;CL 18 #30 41;UTIESC01;07/01/11;0;0;0;0;960;0;0;0;LA PATRIA;09/03/11
SANDOCAN MORALES BUITRAGO;ZC001;UTILES ESCOLARES Y ALGO MAS;CL 18 #30 41;UTIESC01;08/01/11;0;0;0;0;960;0;0;0;LA PATRIA;09/03/11
SANDOCAN MORALES BUITRAGO;ZC001;UTILES ESCOLARES Y ALGO MAS;CL 18 #30 41;UTIESC01;10/01/11;0;0;0;0;960;0;0;0;LA PATRIA;09/03/11
SANDOCAN MORALES BUITRAGO;ZC001;UTILES ESCOLARES Y ALGO MAS;CL 18 #30 41;UTIESC01;11/01/11;0;0;0;0;960;0;0;0;LA PATRIA;09/03/11
SANDOCAN MORALES BUITRAGO;ZC001;UTILES ESCOLARES Y ALGO MAS;CL 18 #30 41;UTIESC01;12/01/11;0;0;0;0;960;0;0;0;LA PATRIA;09/03/11
SANDOCAN MORALES BUITRAGO;ZC001;UTILES ESCOLARES Y ALGO MAS;CL 18 #30 41;UTIESC01;13/01/11;0;0;0;0;960;0;0;0;LA PATRIA;09/03/11
SANDOCAN MORALES BUITRAGO;ZC001;UTILES ESCOLARES Y ALGO MAS;CL 18 #30 41;UTIESC01;14/01/11;0;0;0;0;960;0;0;0;LA PATRIA;09/03/11
SANDOCAN MORALES BUITRAGO;ZC001;UTILES ESCOLARES Y ALGO MAS;CL 18 #30 41;UTIESC01;15/01/11;0;0;0;0;960;0;0;0;LA PATRIA;09/03/11
SANDOCAN MORALES BUITRAGO;ZC001;UTILES ESCOLARES Y ALGO MAS;CL 18 #30 41;UTIESC01;17/01/11;0;0;0;0;960;0;0;0;LA PATRIA;09/03/11
SANDOCAN MORALES BUITRAGO;ZC001;UTILES ESCOLARES Y ALGO MAS;CL 18 #30 41;UTIESC01;18/01/11;0;0;0;0;960;0;0;0;LA PATRIA;09/03/11
SANDOCAN MORALES BUITRAGO;ZC001;UTILES ESCOLARES Y ALGO MAS;CL 18 #30 41;UTIESC01;19/01/11;0;0;0;0;960;0;0;0;LA PATRIA;09/03/11
SANDOCAN MORALES BUITRAGO;ZC001;UTILES ESCOLARES Y ALGO MAS;CL 18 #30 41;UTIESC01;20/01/11;0;0;0;0;960;0;0;0;LA PATRIA;09/03/11
SANDOCAN MORALES BUITRAGO;ZC001;UTILES ESCOLARES Y ALGO MAS;CL 18 #30 41;UTIESC01;21/01/11;0;0;0;0;960;0;0;0;LA PATRIA;09/03/11
SANDOCAN MORALES BUITRAGO;ZC001;UTILES ESCOLARES Y ALGO MAS;CL 18 #30 41;UTIESC01;22/01/11;0;0;0;0;960;0;0;0;LA PATRIA;09/03/11
SANDOCAN MORALES BUITRAGO;ZC001;UTILES ESCOLARES Y ALGO MAS;CL 18 #30 41;UTIESC01;24/01/11;0;0;0;0;960;0;0;0;LA PATRIA;09/03/11
SANDOCAN MORALES BUITRAGO;ZC001;UTILES ESCOLARES Y ALGO MAS;CL 18 #30 41;UTIESC01;25/01/11;0;0;0;0;960;0;0;0;LA PATRIA;09/03/11
SANDOCAN MORALES BUITRAGO;ZC001;UTILES ESCOLARES Y ALGO MAS;CL 18 #30 41;UTIESC01;26/01/11;0;0;0;0;960;0;0;0;LA PATRIA;09/03/11
SANDOCAN MORALES BUITRAGO;ZC001;UTILES ESCOLARES Y ALGO MAS;CL 18 #30 41;UTIESC01;27/01/11;0;0;0;0;960;0;0;0;LA PATRIA;09/03/11
SANDOCAN MORALES BUITRAGO;ZC001;FUNDACION SOFIA;KM 3 VIA CHINCHINA;FUNSOF02;26/01/11;5;0;0;0;960;0;0;0;LA PATRIA;09/03/11
SANDOCAN MORALES BUITRAGO;ZC001;FUNDACION SOFIA;KM 3 VIA CHINCHINA;FUNSOF02;27/01/11;5;0;0;0;960;0;0;0;LA PATRIA;09/03/11
SANDOCAN MORALES BUITRAGO;ZC001;DROCALDAS;CR 24 #30 02;DROCAL02;20/01/11;2;2;0;0;960;0;0;0;LA PATRIA;09/03/11
SANDOCAN MORALES BUITRAGO;ZC001;DROCALDAS;CR 24 #30 02;DROCAL02;21/01/11;2;0;0;0;960;0;0;0;LA PATRIA;09/03/11
SANDOCAN MORALES BUITRAGO;ZC001;DROCALDAS;CR 24 #30 02;DROCAL02;22/01/11;2;0;0;0;960;0;0;0;LA PATRIA;09/03/11
SANDOCAN MORALES BUITRAGO;ZC001;DROCALDAS;CR 24 #30 02;DROCAL02;23/01/11;4;3;0;0;2050;0;0;0;LA PATRIA;09/03/11
SANDOCAN MORALES BUITRAGO;ZC001;DROCALDAS;CR 24 #30 02;DROCAL02;24/01/11;2;2;0;0;960;0;0;0;LA PATRIA;09/03/11
SANDOCAN MORALES BUITRAGO;ZC001;DROCALDAS;CR 24 #30 02;DROCAL02;25/01/11;3;2;0;0;960;0;0;0;LA PATRIA;09/03/11
SANDOCAN MORALES BUITRAGO;ZC001;DROCALDAS;CR 24 #30 02;DROCAL02;26/01/11;3;2;0;0;960;0;0;0;LA PATRIA;09/03/11
SANDOCAN MORALES BUITRAGO;ZC001;DROCALDAS;CR 24 #30 02;DROCAL02;27/01/11;2;0;0;0;960;0;0;0;LA PATRIA;09/03/11
SANDOCAN MORALES BUITRAGO;ZC001;MISCELANEA EL TOPACIO;CR 13 #4A 54;MISTOP01;07/01/11;2;0;0;0;960;0;0;0;LA PATRIA;09/03/11
SANDOCAN MORALES BUITRAGO;ZC001;MISCELANEA EL TOPACIO;CR 13 #4A 54;MISTOP01;08/01/11;2;0;0;0;960;0;0;0;LA PATRIA;09/03/11
SANDOCAN MORALES BUITRAGO;ZC001;MISCELANEA EL TOPACIO;CR 13 #4A 54;MISTOP01;09/01/11;20;0;0;0;2050;0;0;0;LA PATRIA;09/03/11
SANDOCAN MORALES BUITRAGO;ZC001;MISCELANEA EL TOPACIO;CR 13 #4A 54;MISTOP01;10/01/11;2;0;0;0;960;0;0;0;LA PATRIA;09/03/11
SANDOCAN MORALES BUITRAGO;ZC001;MISCELANEA EL TOPACIO;CR 13 #4A 54;MISTOP01;11/01/11;2;0;0;0;960;0;0;0;LA PATRIA;09/03/11
SANDOCAN MORALES BUITRAGO;ZC001;MISCELANEA EL TOPACIO;CR 13 #4A 54;MISTOP01;12/01/11;2;0;0;0;960;0;0;0;LA PATRIA;09/03/11
SANDOCAN MORALES BUITRAGO;ZC001;MISCELANEA EL TOPACIO;CR 13 #4A 54;MISTOP01;13/01/11;2;0;0;0;960;0;0;0;LA PATRIA;09/03/11
SANDOCAN MORALES BUITRAGO;ZC001;MISCELANEA EL TOPACIO;CR 13 #4A 54;MISTOP01;14/01/11;2;0;0;0;960;0;0;0;LA PATRIA;09/03/11
SANDOCAN MORALES BUITRAGO;ZC001;MISCELANEA EL TOPACIO;CR 13 #4A 54;MISTOP01;15/01/11;2;0;0;0;960;0;0;0;LA PATRIA;09/03/11
SANDOCAN MORALES BUITRAGO;ZC001;MISCELANEA EL TOPACIO;CR 13 #4A 54;MISTOP01;16/01/11;20;0;0;0;2050;0;0;0;LA PATRIA;09/03/11
SANDOCAN MORALES BUITRAGO;ZC001;MISCELANEA EL TOPACIO;CR 13 #4A 54;MISTOP01;17/01/11;2;0;0;0;960;0;0;0;LA PATRIA;09/03/11
SANDOCAN MORALES BUITRAGO;ZC001;MISCELANEA EL TOPACIO;CR 13 #4A 54;MISTOP01;18/01/11;2;0;0;0;960;0;0;0;LA PATRIA;09/03/11
SANDOCAN MORALES BUITRAGO;ZC001;MISCELANEA EL TOPACIO;CR 13 #4A 54;MISTOP01;19/01/11;2;0;0;0;960;0;0;0;LA PATRIA;09/03/11
SANDOCAN MORALES BUITRAGO;ZC001;MISCELANEA EL TOPACIO;CR 13 #4A 54;MISTOP01;20/01/11;2;0;0;0;960;0;0;0;LA PATRIA;09/03/11
SANDOCAN MORALES BUITRAGO;ZC001;MISCELANEA EL TOPACIO;CR 13 #4A 54;MISTOP01;21/01/11;2;0;0;0;960;0;0;0;LA PATRIA;09/03/11
SANDOCAN MORALES BUITRAGO;ZC001;MISCELANEA EL TOPACIO;CR 13 #4A 54;MISTOP01;22/01/11;2;0;0;0;960;0;0;0;LA PATRIA;09/03/11
SANDOCAN MORALES BUITRAGO;ZC001;MISCELANEA EL TOPACIO;CR 13 #4A 54;MISTOP01;23/01/11;20;0;0;0;2050;0;0;0;LA PATRIA;09/03/11
SANDOCAN MORALES BUITRAGO;ZC001;MISCELANEA EL TOPACIO;CR 13 #4A 54;MISTOP01;24/01/11;2;0;0;0;960;0;0;0;LA PATRIA;09/03/11
SANDOCAN MORALES BUITRAGO;ZC001;MISCELANEA EL TOPACIO;CR 13 #4A 54;MISTOP01;25/01/11;2;0;0;0;960;0;0;0;LA PATRIA;09/03/11
SANDOCAN MORALES BUITRAGO;ZC001;MISCELANEA EL TOPACIO;CR 13 #4A 54;MISTOP01;26/01/11;2;0;0;0;960;0;0;0;LA PATRIA;09/03/11
SANDOCAN MORALES BUITRAGO;ZC001;MISCELANEA EL TOPACIO;CR 13 #4A 54;MISTOP01;27/01/11;2;0;0;0;960;0;0;0;LA PATRIA;09/03/11
